"Time (s)","Magnetic Field x (µT)","Magnetic Field y (µT)","Magnetic Field z (µT)","Absolute field (µT)"
3.151666722E-3,1.118389893E1,6.744201660E0,-4.523104858E1,4.707878086E1
1.310566673E-2,1.119921875E1,6.721710205E0,-4.524972534E1,4.709714994E1
2.305966674E-2,1.109947205E1,6.748321533E0,-4.530015564E1,4.712581272E1
3.301266674E-2,1.104711914E1,6.798217773E0,-4.526388550E1,4.708581460E1
4.296666675E-2,1.105815125E1,6.910125732E0,-4.531819153E1,4.715687680E1
5.292066664E-2,1.096307373E1,6.916931152E0,-4.534286499E1,4.715939278E1
6.287466665E-2,1.097331238E1,6.871673584E0,-4.533686829E1,4.714939139E1
7.282866666E-2,1.092454529E1,6.809844971E0,-4.529458618E1,4.708841912E1
8.278166666E-2,1.073025513E1,6.706176758E0,-4.516027832E1,4.689948741E1
9.273566667E-2,1.085342407E1,6.833221436E0,-4.516635132E1,4.695198633E1
1.026896667E-1,1.081864929E1,6.930114746E0,-4.527166748E1,4.705946812E1
1.126436667E-1,1.072937012E1,6.976013184E0,-4.537806702E1,4.714820367E1
1.225976667E-1,1.069874573E1,6.956146240E0,-4.537615967E1,4.713647205E1
1.325506667E-1,1.058447266E1,7.001251221E0,-4.525048828E1,4.699633251E1
1.425046667E-1,1.056672668E1,7.111816406E0,-4.533833313E1,4.709350376E1
1.524586667E-1,1.049674988E1,7.176910400E0,-4.523178101E1,4.698514461E1
1.624126667E-1,1.056536865E1,7.301910400E0,-4.530815125E1,4.709324240E1
1.723666667E-1,1.066365051E1,7.276275635E0,-4.514355469E1,4.695314855E1
1.823196667E-1,1.061402893E1,7.197906494E0,-4.519102478E1,4.697548498E1
1.922736667E-1,1.068190002E1,7.328979492E0,-4.501380920E1,4.684079363E1
2.022276667E-1,1.064953613E1,7.335205078E0,-4.533525085E1,4.714342821E1
2.121816667E-1,1.071916199E1,7.161376953E0,-4.530851746E1,4.710676711E1
2.221356666E-1,1.070985413E1,7.217102051E0,-4.515930176E1,4.696967184E1
2.320886666E-1,1.078881836E1,7.092224121E0,-4.510470581E1,4.691623100E1
2.420426667E-1,1.071508789E1,7.143127441E0,-4.508367920E1,4.688683726E1
2.519966667E-1,1.078965759E1,7.080902100E0,-4.517671204E1,4.698394615E1
2.619506667E-1,1.089982605E1,7.118377686E0,-4.527136230E1,4.710598427E1
2.719036667E-1,1.085594177E1,6.986022949E0,-4.532269287E1,4.712539101E1
2.818576667E-1,1.073675537E1,6.919189453E0,-4.528201294E1,4.704905732E1
2.918116667E-1,1.070358276E1,6.947601318E0,-4.529666138E1,4.705978517E1
3.017656667E-1,1.071835327E1,6.948883057E0,-4.519099426E1,4.696164430E1
3.117196667E-1,1.059017944E1,7.022857666E0,-4.509136963E1,4.684766852E1
3.216726667E-1,1.056790161E1,6.925201416E0,-4.508786011E1,4.682471664E1
3.316266667E-1,1.055065918E1,6.989898682E0,-4.525527954E1,4.699165265E1
3.415806667E-1,1.066967773E1,7.032806396E0,-4.527842712E1,4.704719281E1
3.515346667E-1,1.065084839E1,7.032531738E0,-4.530590820E1,4.706933601E1
3.614886667E-1,1.068902588E1,7.095214844E0,-4.536401367E1,4.714330371E1
3.714416667E-1,1.059956360E1,7.034576416E0,-4.522163391E1,4.697693250E1
3.813956667E-1,1.055113220E1,7.105285645E0,-4.531278992E1,4.706442823E1
3.913496666E-1,1.043270874E1,7.029785156E0,-4.529067993E1,4.700537182E1
4.013036666E-1,1.054486084E1,7.056274414E0,-4.525498962E1,4.699999133E1
4.112576667E-1,1.059861755E1,7.099182129E0,-4.542556763E1,4.718274340E1
4.212106667E-1,1.052670288E1,7.081146240E0,-4.543455505E1,4.717258630E1
4.311646667E-1,1.049073792E1,7.217132568E0,-4.527334595E1,4.702997382E1
4.411186667E-1,1.050706482E1,7.239776611E0,-4.545677185E1,4.721367263E1
4.510726667E-1,1.046578979E1,7.158966064E0,-4.514892578E1,4.689572529E1
4.610266667E-1,1.063246155E1,7.283660889E0,-4.517878723E1,4.698110014E1
4.709796667E-1,1.046690369E1,7.331512451E0,-4.528424072E1,4.705283844E1
4.809336667E-1,1.066444397E1,7.260375977E0,-4.540499878E1,4.720230226E1
4.908876667E-1,1.047740173E1,7.141479492E0,-4.527656555E1,4.701855022E1
5.008416667E-1,1.051686096E1,7.177032471E0,-4.504502869E1,4.680992169E1
5.107956667E-1,1.051530457E1,7.157592773E0,-4.502595520E1,4.678824004E1
5.207486667E-1,1.044091797E1,7.134796143E0,-4.485787964E1,4.660630268E1
5.307026667E-1,1.040370178E1,7.175415039E0,-4.497242737E1,4.671448186E1
5.406566667E-1,1.038056946E1,7.215332031E0,-4.497076416E1,4.671388303E1
5.506106667E-1,1.045213318E1,7.284759521E0,-4.506900024E1,4.683513203E1
5.605636667E-1,1.031668091E1,7.240844727E0,-4.507557678E1,4.680460832E1
5.705176666E-1,1.045675659E1,7.312713623E0,-4.516017151E1,4.692824980E1
5.804716666E-1,1.054081726E1,7.393951416E0,-4.511940002E1,4.692056697E1
5.904256667E-1,1.043643188E1,7.266357422E0,-4.510755920E1,4.686588267E1
6.003796667E-1,1.041276550E1,7.194915771E0,-4.508454895E1,4.682743910E1
6.103326667E-1,1.036712646E1,7.229339600E0,-4.490727234E1,4.665194284E1
6.202866667E-1,1.039840698E1,7.308929443E0,-4.494021606E1,4.670300137E1
6.302406667E-1,1.034695435E1,7.372558594E0,-4.494512939E1,4.670630301E1
6.401946667E-1,1.050280762E1,7.395782471E0,-4.495753479E1,4.675667333E1
6.501486667E-1,1.053839111E1,7.451507568E0,-4.495266724E1,4.676884587E1
6.601016667E-1,1.039788818E1,7.328186035E0,-4.509861755E1,4.685833645E1
6.700556667E-1,1.046919250E1,7.317932129E0,-4.491232300E1,4.669339225E1
6.800096667E-1,1.043428040E1,7.376373291E0,-4.488189697E1,4.666550939E1
6.899636667E-1,1.047752380E1,7.408874512E0,-4.492167664E1,4.671859328E1
6.999176667E-1,1.046871948E1,7.441772461E0,-4.510798645E1,4.690100752E1
7.098706667E-1,1.041157532E1,7.413513184E0,-4.504228210E1,4.682059649E1
7.198246667E-1,1.040916443E1,7.479827881E0,-4.493077087E1,4.672336354E1
7.297786667E-1,1.026010132E1,7.483093262E0,-4.495144653E1,4.671080078E1
7.397326666E-1,1.032838440E1,7.525085449E0,-4.477828979E1,4.656605708E1
7.496866666E-1,1.028556824E1,7.504028320E0,-4.513963318E1,4.690085115E1
7.596396666E-1,1.035916138E1,7.435424805E0,-4.506678772E1,4.683602376E1
7.695936667E-1,1.042115784E1,7.424987793E0,-4.510298157E1,4.688293848E1
7.795476667E-1,1.039064026E1,7.400329590E0,-4.491268921E1,4.668918435E1
7.895016667E-1,1.045643616E1,7.449096680E0,-4.499041748E1,4.678636301E1
7.994556667E-1,1.048284912E1,7.443603516E0,-4.514067078E1,4.693588731E1
8.094086667E-1,1.041743469E1,7.411437988E0,-4.494776917E1,4.673065708E1
8.193626667E-1,1.045726013E1,7.407806396E0,-4.505050659E1,4.683778421E1
8.293166667E-1,1.040933228E1,7.450958252E0,-4.493490601E1,4.672276485E1
8.392706667E-1,1.050201416E1,7.413299561E0,-4.522021484E1,4.701188299E1
8.492246667E-1,1.057754517E1,7.387908936E0,-4.527476501E1,4.707727697E1
8.591776667E-1,1.059820557E1,7.456390381E0,-4.491816711E1,4.674998883E1
8.691316667E-1,1.051994324E1,7.472961426E0,-4.510293579E1,4.691256948E1
8.790856667E-1,1.031352234E1,7.350219727E0,-4.505888367E1,4.680488725E1
8.890396667E-1,1.041035461E1,7.371612549E0,-4.504130554E1,4.681276919E1
8.989926667E-1,1.043579102E1,7.313110352E0,-4.516027832E1,4.692374724E1
9.089466668E-1,1.037968445E1,7.371582031E0,-4.500024414E1,4.676644143E1
9.189006666E-1,1.037710571E1,7.380493164E0,-4.506872559E1,4.683317231E1
9.288546667E-1,1.032675171E1,7.365692139E0,-4.512426758E1,4.687317726E1
9.388086667E-1,1.040530396E1,7.450408936E0,-4.498320007E1,4.676822888E1
9.487616667E-1,1.028744507E1,7.380950928E0,-4.511668396E1,4.685963225E1
9.587160833E-1,1.039776611E1,7.465789795E0,-4.507456970E1,4.685689268E1
9.686700833E-1,1.040704346E1,7.405700684E0,-4.507298279E1,4.684788932E1
9.786240833E-1,1.030361938E1,7.432952881E0,-4.501165771E1,4.677031849E1
9.885780833E-1,1.030268860E1,7.424346924E0,-4.497674561E1,4.673514700E1
9.985310833E-1,1.039611816E1,7.369384766E0,-4.507484436E1,4.684152750E1
1.008485083E0,1.024203491E1,7.366668701E0,-4.516085815E1,4.688997970E1
1.018439083E0,1.025971985E1,7.197113037E0,-4.504289246E1,4.675384956E1
1.028393083E0,1.027232361E1,7.370025635E0,-4.492997742E1,4.667484098E1
1.038347083E0,1.028434753E1,7.311798096E0,-4.515916443E1,4.688902140E1
1.048300083E0,1.028742981E1,7.416564941E0,-4.509394836E1,4.684336481E1
1.058254083E0,1.026287842E1,7.310668945E0,-4.515431213E1,4.687946734E1
1.068208083E0,1.018530273E1,7.364593506E0,-4.505169678E1,4.677213927E1
1.078162083E0,1.027301025E1,7.232238770E0,-4.504879761E1,4.676787555E1
1.088116083E0,1.028010559E1,7.262634277E0,-4.505235291E1,4.677756866E1
1.098069083E0,1.028683472E1,7.270538330E0,-4.500106812E1,4.673088730E1
1.108023083E0,1.020510864E1,7.240570068E0,-4.506571960E1,4.677060167E1
1.117977083E0,1.015136719E1,7.398468018E0,-4.533999634E1,4.704787830E1
1.127931083E0,1.015039062E1,7.315032959E0,-4.521424866E1,4.691341406E1
1.137885083E0,1.021086121E1,7.355133057E0,-4.530448914E1,4.701974484E1
1.147838083E0,1.011625671E1,7.349365234E0,-4.522483826E1,4.692161351E1
1.157792083E0,1.024078369E1,7.286193848E0,-4.520275879E1,4.691749859E1
1.167746083E0,1.031118774E1,7.330047607E0,-4.508937073E1,4.683056206E1
1.177700083E0,1.017662048E1,7.327880859E0,-4.507081604E1,4.678290180E1
1.187654083E0,1.026045227E1,7.426391602E0,-4.505982971E1,4.680615800E1
1.197607083E0,1.027957153E1,7.401550293E0,-4.506640625E1,4.681274944E1
1.207561083E0,1.032322693E1,7.348419189E0,-4.522590637E1,4.696755142E1
1.217515083E0,1.028785706E1,7.355987549E0,-4.517797852E1,4.691481960E1
1.227469083E0,1.024940491E1,7.331207275E0,-4.510429382E1,4.683155157E1
1.237423083E0,1.033927917E1,7.256439209E0,-4.509614563E1,4.683181562E1
1.247376083E0,1.025871277E1,7.236145020E0,-4.495719910E1,4.667711145E1
1.257330083E0,1.020741272E1,7.261566162E0,-4.505784607E1,4.676677357E1
1.267284083E0,1.028642273E1,7.355407715E0,-4.505023193E1,4.679140853E1
1.277238083E0,1.030114746E1,7.374694824E0,-4.510607910E1,4.685144752E1
1.287191083E0,1.027861023E1,7.395904541E0,-4.518011475E1,4.692112531E1
1.297145083E0,1.043011475E1,7.417205811E0,-4.524264526E1,4.701807297E1
1.307099083E0,1.044992065E1,7.375915527E0,-4.525451660E1,4.702739887E1
1.317053083E0,1.029138184E1,7.285583496E0,-4.521847534E1,4.694361276E1
1.327007083E0,1.021881104E1,7.279998779E0,-4.519152832E1,4.690092444E1
1.336960083E0,1.036241150E1,7.251678467E0,-4.527864075E1,4.701193168E1
1.346914083E0,1.029304504E1,7.185760498E0,-4.503042603E1,4.674741916E1
1.356868083E0,1.036145020E1,7.185394287E0,-4.504450989E1,4.677603459E1
1.366822083E0,1.023014832E1,7.241882324E0,-4.501316833E1,4.672564732E1
1.376776083E0,1.023718262E1,7.281890869E0,-4.529525757E1,4.700517206E1
1.386729083E0,1.026301575E1,7.258789062E0,-4.519616699E1,4.691175782E1
1.396683083E0,1.036517334E1,7.308227539E0,-4.500085449E1,4.675386522E1
1.406637083E0,1.032006836E1,7.266448975E0,-4.503210449E1,4.676746226E1
1.416591083E0,1.031430054E1,7.234649658E0,-4.525753784E1,4.697839592E1
1.426545083E0,1.028497314E1,7.197235107E0,-4.539846802E1,4.710203567E1
1.436498083E0,1.045445251E1,7.338958740E0,-4.516084290E1,4.693247941E1
1.446452083E0,1.046057129E1,7.314208984E0,-4.520542908E1,4.697288604E1
1.456406083E0,1.033659363E1,7.357116699E0,-4.511389160E1,4.686401124E1
1.466360083E0,1.023669434E1,7.229644775E0,-4.498121643E1,4.669440551E1
1.476314083E0,1.037785339E1,7.298217773E0,-4.493464661E1,4.669139417E1
1.486267083E0,1.034507751E1,7.242523193E0,-4.502180481E1,4.675935927E1
1.496221083E0,1.044862366E1,7.366058350E0,-4.497666931E1,4.675824349E1
1.506175083E0,1.031425476E1,7.308288574E0,-4.495422363E1,4.669772110E1
1.516129083E0,1.037823486E1,7.164337158E0,-4.477323914E1,4.651535691E1
1.526083083E0,1.036911011E1,7.192596436E0,-4.503076172E1,4.676560049E1
1.536036083E0,1.047813416E1,7.306457520E0,-4.511503601E1,4.688861366E1
1.545990083E0,1.048910522E1,7.361236572E0,-4.501301575E1,4.680150338E1
1.555944083E0,1.062332153E1,7.190246582E0,-4.519718933E1,4.698234274E1
1.565898083E0,1.053678894E1,7.178314209E0,-4.509815979E1,4.686572450E1
1.575851083E0,1.055149841E1,7.141632080E0,-4.505766296E1,4.682445963E1
1.585805083E0,1.053199768E1,7.228332520E0,-4.504705811E1,4.682316959E1
1.595759083E0,1.059576416E1,7.306762695E0,-4.486219788E1,4.667200229E1
1.605713083E0,1.055751038E1,7.354248047E0,-4.497587585E1,4.678007480E1
1.615667083E0,1.071453857E1,7.273376465E0,-4.502435303E1,4.684971406E1
1.625620083E0,1.051393127E1,7.412475586E0,-4.496859741E1,4.677245235E1
1.635574083E0,1.073716736E1,7.443969727E0,-4.507510376E1,4.693042113E1
1.645528083E0,1.048107910E1,7.350250244E0,-4.486482239E1,4.665545505E1
1.655482083E0,1.060310364E1,7.330993652E0,-4.503480530E1,4.684338761E1
1.665436083E0,1.046383667E1,7.276947021E0,-4.494721985E1,4.671935796E1
1.675389083E0,1.059268188E1,7.385589600E0,-4.498202515E1,4.679887210E1
1.685343083E0,1.040299988E1,7.310150146E0,-4.511909485E1,4.687636314E1
1.695297083E0,1.048428345E1,7.304595947E0,-4.511291504E1,4.688765749E1
1.705251083E0,1.031346130E1,7.313629150E0,-4.500660706E1,4.674881104E1
1.715205083E0,1.044012451E1,7.355712891E0,-4.494215393E1,4.672151444E1
1.725158083E0,1.035563660E1,7.248229980E0,-4.505979919E1,4.679916186E1
1.735112083E0,1.032955933E1,7.216827393E0,-4.503662109E1,4.676622321E1
1.745066083E0,1.037284851E1,7.290710449E0,-4.482405090E1,4.658267902E1
1.755020083E0,1.033447266E1,7.376281738E0,-4.485997009E1,4.662218114E1
1.764974083E0,1.042021179E1,7.377441406E0,-4.490849304E1,4.668811629E1
1.774927083E0,1.037968445E1,7.314727783E0,-4.484965515E1,4.661260193E1
1.784881083E0,1.046380615E1,7.323577881E0,-4.504841614E1,4.682398775E1
1.794835083E0,1.038554382E1,7.255310059E0,-4.511026001E1,4.685546502E1
1.804789083E0,1.026771545E1,7.243621826E0,-4.509535217E1,4.681331889E1
1.814743083E0,1.024699402E1,7.317108154E0,-4.520881653E1,4.692950085E1
1.824696083E0,1.035057068E1,7.374389648E0,-4.521052551E1,4.696283161E1
1.834650083E0,1.036335754E1,7.304229736E0,-4.509564209E1,4.684408060E1
1.844604083E0,1.037828064E1,7.204406738E0,-4.499325562E1,4.673334181E1
1.854558083E0,1.043539429E1,7.301788330E0,-4.518739319E1,4.694799325E1
1.864512083E0,1.030870056E1,7.224578857E0,-4.509996033E1,4.682382159E1
1.874465083E0,1.027116394E1,7.161346436E0,-4.497564697E1,4.668608478E1
1.884419083E0,1.021278381E1,7.222717285E0,-4.503312683E1,4.673811197E1
1.894373083E0,1.028080750E1,7.185546875E0,-4.498115540E1,4.669723147E1
1.904327083E0,1.029432678E1,7.190460205E0,-4.489147949E1,4.661459871E1
1.914280083E0,1.031283569E1,7.151855469E0,-4.500437927E1,4.672149153E1
1.924234083E0,1.028137207E1,7.134033203E0,-4.496697998E1,4.667580026E1
1.934188083E0,1.025650024E1,7.218688965E0,-4.488294983E1,4.660240823E1
1.944142083E0,1.027076721E1,7.284545898E0,-4.490489197E1,4.663692304E1
1.954096083E0,1.025816345E1,7.260742188E0,-4.482043457E1,4.654911008E1
1.964048542E0,1.034747314E1,7.220123291E0,-4.500721741E1,4.674237905E1
1.974002542E0,1.034138489E1,7.226043701E0,-4.492153931E1,4.665945395E1
1.983956542E0,1.025811768E1,7.295593262E0,-4.497283936E1,4.670129483E1
1.993910542E0,1.020770264E1,7.238220215E0,-4.488771057E1,4.659930885E1
2.003864542E0,1.012779236E1,7.291625977E0,-4.482859802E1,4.653324820E1
2.013817542E0,1.025054932E1,7.253692627E0,-4.495974731E1,4.668049589E1
2.023771542E0,1.012866211E1,7.198944092E0,-4.500793457E1,4.669184904E1
2.033725542E0,1.012298584E1,7.132354736E0,-4.487171936E1,4.654907652E1
2.043679542E0,1.014306641E1,7.217681885E0,-4.480256653E1,4.649996447E1
2.053633542E0,1.022254944E1,7.212554932E0,-4.496693420E1,4.667490372E1
2.063586542E0,1.019509888E1,7.128356934E0,-4.492407227E1,4.661465202E1
2.073540542E0,1.017395020E1,7.281890869E0,-4.512518311E1,4.682752767E1
2.083494542E0,1.014631653E1,7.230834961E0,-4.519396973E1,4.687992761E1
2.093448542E0,1.007836914E1,7.207336426E0,-4.517761230E1,4.684587363E1
2.103402542E0,1.010029602E1,7.214569092E0,-4.512635803E1,4.680228815E1
2.113355542E0,1.018661499E1,7.062255859E0,-4.500469971E1,4.668046249E1
2.123309542E0,1.019999695E1,7.123535156E0,-4.501725769E1,4.670479826E1
2.133263542E0,1.014938354E1,7.230285645E0,-4.510102844E1,4.679091561E1
2.143217542E0,1.027616882E1,7.366668701E0,-4.495668030E1,4.670086248E1
2.153171542E0,1.031619263E1,7.344268799E0,-4.499386597E1,4.674195213E1
2.163124542E0,1.028231812E1,7.302886963E0,-4.495875549E1,4.669419578E1
2.173078542E0,1.029760742E1,7.304260254E0,-4.486755371E1,4.660998082E1
2.183032542E0,1.029885864E1,7.293945312E0,-4.494589233E1,4.668405901E1
2.192986542E0,1.033007812E1,7.315979004E0,-4.488769531E1,4.663838819E1
2.202940542E0,1.036892700E1,7.371337891E0,-4.486421204E1,4.663312976E1
2.212893542E0,1.027879333E1,7.221710205E0,-4.491873169E1,4.664224638E1
2.222847542E0,1.046260071E1,7.271820068E0,-4.495085144E1,4.672177678E1
2.232801542E0,1.051905823E1,7.323486328E0,-4.480690002E1,4.660410205E1
2.242755542E0,1.036283875E1,7.245056152E0,-4.487471008E1,4.662208565E1
2.252709542E0,1.027583313E1,7.133178711E0,-4.477465820E1,4.648919232E1
2.262662542E0,1.035902405E1,7.152252197E0,-4.507653809E1,4.680126469E1
2.272616542E0,1.035269165E1,7.076354980E0,-4.502778625E1,4.674135812E1
2.282570542E0,1.041081238E1,7.106384277E0,-4.501319885E1,4.674477279E1
2.292524542E0,1.030458069E1,7.000183105E0,-4.481188965E1,4.651120726E1
2.302478542E0,1.044067383E1,7.047943115E0,-4.491996765E1,4.665280984E1
2.312431542E0,1.037112427E1,7.104339600E0,-4.500413513E1,4.672690915E1
2.322385542E0,1.044262695E1,7.170593262E0,-4.499229431E1,4.674154911E1
2.332339542E0,1.048300171E1,7.068237305E0,-4.502210999E1,4.676370057E1
2.342293542E0,1.048390198E1,7.114685059E0,-4.502328491E1,4.677207638E1
2.352246542E0,1.039407349E1,7.132232666E0,-4.498756409E1,4.672029997E1
2.362200542E0,1.052763367E1,7.142517090E0,-4.500901794E1,4.677240979E1
2.372154542E0,1.032467651E1,7.211944580E0,-4.503211975E1,4.676005666E1
2.382108542E0,1.052005005E1,7.196502686E0,-4.514520264E1,4.691002478E1
2.392062542E0,1.051142883E1,7.109558105E0,-4.498086548E1,4.673664742E1
2.402015542E0,1.041160583E1,7.150878906E0,-4.489646912E1,4.663935617E1
2.411969542E0,1.031906128E1,7.136993408E0,-4.496107483E1,4.667888120E1
2.421923542E0,1.025111389E1,7.071777344E0,-4.481935120E1,4.651741193E1
2.431877542E0,1.023194885E1,7.109130859E0,-4.484321594E1,4.654187937E1
2.441831542E0,1.035363770E1,7.163940430E0,-4.477386475E1,4.651041626E1
2.451784542E0,1.035038757E1,7.174621582E0,-4.482839966E1,4.656383934E1
2.461738542E0,1.038568115E1,7.228424072E0,-4.469483948E1,4.645149259E1
2.471692542E0,1.037449646E1,7.175018311E0,-4.472520447E1,4.646993629E1
2.481646542E0,1.032783508E1,7.242095947E0,-4.478828430E1,4.653066238E1
2.491600542E0,1.034786987E1,7.270629883E0,-4.478250122E1,4.653399709E1
2.501553542E0,1.039746094E1,7.305572510E0,-4.477790833E1,4.654610250E1
2.511507542E0,1.049778748E1,7.239746094E0,-4.476387024E1,4.654483370E1
2.521461542E0,1.038400269E1,7.189361572E0,-4.471768188E1,4.646703675E1
2.531415542E0,1.043957520E1,7.187103271E0,-4.466012573E1,4.642376562E1
2.541369542E0,1.022573853E1,7.157989502E0,-4.489187622E1,4.659488269E1
2.551322542E0,1.025267029E1,7.151153564E0,-4.480569458E1,4.651673368E1
2.561276542E0,1.026623535E1,7.214538574E0,-4.477993774E1,4.650470922E1
2.571230542E0,1.032916260E1,7.195495605E0,-4.474732971E1,4.648430136E1
2.581184542E0,1.023109436E1,7.123992920E0,-4.482798767E1,4.652929234E1
2.591138542E0,1.033065796E1,7.101257324E0,-4.492880249E1,4.664491015E1
2.601091542E0,1.034779358E1,7.077606201E0,-4.494270325E1,4.665850315E1
2.611045542E0,1.036691284E1,7.112945557E0,-4.493212891E1,4.665793699E1
2.620999542E0,1.033168030E1,7.154785156E0,-4.484230042E1,4.657001691E1
2.630953542E0,1.020072937E1,7.081787109E0,-4.498606873E1,4.666854366E1
2.640906542E0,1.017991638E1,7.103729248E0,-4.492649841E1,4.660991232E1
2.650860542E0,1.031608582E1,7.203369141E0,-4.487838745E1,4.660879545E1
2.660814542E0,1.021980286E1,7.024383545E0,-4.489854431E1,4.657966956E1
2.670768542E0,1.020372009E1,6.941040039E0,-4.498686218E1,4.664881252E1
2.680722542E0,1.020730591E1,6.983581543E0,-4.497200012E1,4.664161554E1
2.690675542E0,1.037876892E1,6.996948242E0,-4.496296692E1,4.667273854E1
2.700629542E0,1.032325745E1,7.078674316E0,-4.507742310E1,4.678302414E1
2.710583542E0,1.025320435E1,7.152862549E0,-4.493112183E1,4.663793896E1
2.720537542E0,1.029035950E1,6.957061768E0,-4.499374390E1,4.667685933E1
2.730491542E0,1.027975464E1,6.978973389E0,-4.492510986E1,4.661163933E1
2.740444542E0,1.029396057E1,7.013000488E0,-4.513340759E1,4.682063948E1
2.750398542E0,1.031983948E1,7.038574219E0,-4.513740540E1,4.683402588E1
2.760352542E0,1.021525574E1,6.930999756E0,-4.526531982E1,4.691843333E1
2.770306542E0,1.023376465E1,6.884307861E0,-4.521617126E1,4.686817446E1
2.780260542E0,1.024125671E1,6.946472168E0,-4.507676697E1,4.674453695E1
2.790213542E0,1.016207886E1,6.907623291E0,-4.510269165E1,4.674650683E1
2.800167542E0,1.026190186E1,7.101196289E0,-4.515657043E1,4.684922061E1
2.810121542E0,1.021719360E1,7.002960205E0,-4.514373779E1,4.681228000E1
2.820075542E0,1.025695801E1,7.120056152E0,-4.497557068E1,4.667657169E1
2.830029542E0,1.036357117E1,7.122039795E0,-4.519657898E1,4.691330099E1
2.839982542E0,1.030303955E1,7.217346191E0,-4.514750671E1,4.686726013E1
2.849936542E0,1.028005981E1,7.120269775E0,-4.525045776E1,4.694658453E1
2.859890542E0,1.032766724E1,7.178802490E0,-4.502479553E1,4.674856285E1
2.869844542E0,1.033349609E1,7.100708008E0,-4.516162109E1,4.686974734E1
2.879798542E0,1.026664734E1,7.046600342E0,-4.504106140E1,4.673067340E1
2.889751542E0,1.026594543E1,7.092712402E0,-4.509555054E1,4.679000837E1
2.899705542E0,1.035116577E1,7.084960938E0,-4.504977417E1,4.676350561E1
2.909659542E0,1.033128357E1,7.079620361E0,-4.514328003E1,4.684839567E1
2.919613542E0,1.042407227E1,7.074157715E0,-4.520692444E1,4.692942581E1
2.929567542E0,1.036381531E1,7.069641113E0,-4.519035339E1,4.689942999E1
2.939520542E0,1.039981079E1,7.132507324E0,-4.518542480E1,4.691216623E1
2.949474542E0,1.028204346E1,7.053039551E0,-4.509674072E1,4.678869317E1
2.959428917E0,1.028321838E1,7.108673096E0,-4.511949158E1,4.681929446E1
2.969382917E0,1.027423096E1,7.123504639E0,-4.516317749E1,4.686167668E1
2.979335917E0,1.027081299E1,7.170684814E0,-4.508761597E1,4.679531423E1
2.989289917E0,1.025698853E1,7.170562744E0,-4.510537720E1,4.680937765E1
2.999243917E0,1.016810608E1,7.119750977E0,-4.515986633E1,4.683476019E1
3.009197917E0,1.036386108E1,7.223876953E0,-4.501379395E1,4.675292141E1
3.019151917E0,1.026628113E1,7.252227783E0,-4.519302368E1,4.690842915E1
3.029104917E0,1.036337280E1,7.232421875E0,-4.523266602E1,4.696489643E1
3.039058917E0,1.041923523E1,7.207458496E0,-4.517103577E1,4.691407457E1
3.049012917E0,1.040467834E1,7.348754883E0,-4.513243103E1,4.689560598E1
3.058966917E0,1.037605286E1,7.351013184E0,-4.524168396E1,4.699478519E1
3.068920917E0,1.037542725E1,7.233703613E0,-4.520578003E1,4.694186305E1
3.078873917E0,1.039013672E1,7.252868652E0,-4.520124817E1,4.694370970E1
3.088827917E0,1.044186401E1,7.158538818E0,-4.523484802E1,4.697306332E1
3.098781917E0,1.042982483E1,7.248016357E0,-4.520536804E1,4.695572688E1
3.108735917E0,1.026606750E1,7.148040771E0,-4.527453613E1,4.697095114E1
3.118689917E0,1.028178406E1,7.204071045E0,-4.509484863E1,4.680981837E1
3.128642917E0,1.027684021E1,7.162536621E0,-4.519006348E1,4.689410637E1
3.138596917E0,1.022972107E1,7.215209961E0,-4.525198364E1,4.695155452E1
3.148550917E0,1.033750916E1,7.272277832E0,-4.519769287E1,4.693166907E1
3.158504917E0,1.025466919E1,7.314971924E0,-4.521971130E1,4.694133940E1
3.168457917E0,1.026968384E1,7.290618896E0,-4.512075806E1,4.684551566E1
3.178411917E0,1.020410156E1,7.249908447E0,-4.544137573E1,4.713388897E1
3.188365917E0,1.031944275E1,7.253723145E0,-4.538751221E1,4.710768157E1
3.198319917E0,1.031965637E1,7.216094971E0,-4.527488708E1,4.699343289E1
3.208273917E0,1.027729797E1,7.213989258E0,-4.517990112E1,4.689230172E1
3.218226917E0,1.035990906E1,7.361450195E0,-4.522291565E1,4.697478861E1
3.228180917E0,1.015936279E1,7.143707275E0,-4.513249207E1,4.681011692E1
3.238134917E0,1.015625000E1,7.173950195E0,-4.504777527E1,4.673239810E1
3.248088917E0,1.016569519E1,7.164520264E0,-4.519351196E1,4.687350246E1
3.258042917E0,1.019012451E1,7.223937988E0,-4.537738037E1,4.706517361E1
3.267995917E0,1.021224976E1,7.285583496E0,-4.541232300E1,4.711314946E1
3.277949917E0,1.027597046E1,7.257873535E0,-4.519604492E1,4.691433442E1
3.287903917E0,1.033329773E1,7.269500732E0,-4.519758606E1,4.693020849E1
3.297857917E0,1.028936768E1,7.213226318E0,-4.520626831E1,4.692023461E1
3.307811917E0,1.015722656E1,7.244262695E0,-4.507504272E1,4.676973455E1
3.317764917E0,1.024522400E1,7.202606201E0,-4.505122375E1,4.675954355E1
3.327718917E0,1.012533569E1,7.184661865E0,-4.497921753E1,4.666124515E1
3.337672917E0,1.018441772E1,7.226928711E0,-4.507807922E1,4.677589218E1
3.347626917E0,1.022938538E1,7.256958008E0,-4.505831909E1,4.677131476E1
3.357580917E0,1.018563843E1,7.269805908E0,-4.505972290E1,4.676511452E1
3.367533917E0,1.009332275E1,7.219909668E0,-4.485972595E1,4.654457296E1
3.377487917E0,1.018991089E1,7.306549072E0,-4.493173218E1,4.664847800E1
3.387441917E0,1.016741943E1,7.321838379E0,-4.501478577E1,4.672597428E1
3.397395917E0,1.023240662E1,7.264953613E0,-4.503158569E1,4.674746417E1
3.407348917E0,1.016688538E1,7.190216064E0,-4.497442627E1,4.666651673E1
3.417302917E0,1.017012024E1,7.170074463E0,-4.498625183E1,4.667552000E1
3.427256917E0,1.013786316E1,7.227966309E0,-4.502229309E1,4.671216802E1
3.437210917E0,1.026760864E1,7.258056641E0,-4.513566589E1,4.685436489E1
3.447164917E0,1.015498352E1,7.255706787E0,-4.502069092E1,4.671864277E1
3.457117917E0,1.012675476E1,7.193664551E0,-4.499792480E1,4.668097266E1
3.467071917E0,1.009556580E1,7.214813232E0,-4.520405579E1,4.687622679E1
3.477025917E0,1.016172791E1,7.294982910E0,-4.520690918E1,4.690567266E1
3.486979917E0,1.013639832E1,7.247650146E0,-4.503216553E1,4.672441477E1
3.496933917E0,1.024612427E1,7.255126953E0,-4.513841248E1,4.685185386E1
3.506886917E0,1.012602234E1,7.245117188E0,-4.531953430E1,4.699881106E1
3.516840917E0,1.010203552E1,7.178497314E0,-4.509591675E1,4.676776296E1
3.526794917E0,1.006719971E1,7.162872314E0,-4.520623779E1,4.686426341E1
3.536748917E0,1.013732910E1,7.154266357E0,-4.515029907E1,4.682412279E1
3.546702917E0,1.014041138E1,7.110076904E0,-4.521099854E1,4.687659891E1
3.556655917E0,1.022024536E1,7.269012451E0,-4.526295471E1,4.696836197E1
3.566609917E0,1.021862793E1,7.208801270E0,-4.526043701E1,4.695630236E1
3.576563917E0,1.019616699E1,7.272644043E0,-4.550599670E1,4.719797568E1
3.586517917E0,1.018937683E1,7.313659668E0,-4.532067871E1,4.702421649E1
3.596471917E0,1.011904907E1,7.223144531E0,-4.544802856E1,4.711785512E1
3.606424917E0,1.014770508E1,7.281250000E0,-4.541252136E1,4.709872203E1
3.616378917E0,1.009954834E1,7.165222168E0,-4.522804260E1,4.689261267E1
3.626332917E0,9.995544434E0,7.388183594E0,-4.532463074E1,4.699806716E1
3.636286917E0,1.003031921E1,7.384796143E0,-4.527905273E1,4.696099588E1
3.646239917E0,1.006848145E1,7.364349365E0,-4.527212524E1,4.695927261E1
3.656193917E0,1.013623047E1,7.308227539E0,-4.530476379E1,4.699654222E1
3.666147917E0,1.015588379E1,7.485626221E0,-4.515885925E1,4.688815570E1
3.676101917E0,1.008879089E1,7.365509033E0,-4.521141052E1,4.690528826E1
3.686055917E0,1.010508728E1,7.272583008E0,-4.547984314E1,4.715314819E1
3.696008917E0,1.003958130E1,7.312286377E0,-4.525546265E1,4.692887836E1
3.705962917E0,1.007040405E1,7.342926025E0,-4.525225830E1,4.693717590E1
3.715916917E0,1.005612183E1,7.247528076E0,-4.535000610E1,4.701356510E1
3.725870917E0,1.006814575E1,7.304382324E0,-4.528919983E1,4.696629836E1
3.735824917E0,1.012539673E1,7.260528564E0,-4.540995789E1,4.708824916E1
3.745777917E0,1.009851074E1,7.458587646E0,-4.508682251E1,4.680205138E1
3.755731917E0,1.006047058E1,7.424957275E0,-4.509259033E1,4.679406759E1
3.765685917E0,9.996200562E0,7.329040527E0,-4.504626465E1,4.672049678E1
3.775639917E0,9.983123779E0,7.397949219E0,-4.520065308E1,4.687740875E1
3.785593917E0,1.001913452E1,7.396697998E0,-4.519709778E1,4.688146591E1
3.795546917E0,1.004548645E1,7.377746582E0,-4.501225281E1,4.670595086E1
3.805500917E0,1.008677673E1,7.396118164E0,-4.497500610E1,4.668186803E1
3.815454917E0,1.001936340E1,7.411682129E0,-4.502735901E1,4.672027113E1
3.825408917E0,9.905700684E0,7.342590332E0,-4.504235840E1,4.669957804E1
3.835361917E0,1.008181763E1,7.477233887E0,-4.510420227E1,4.681817100E1
3.845315917E0,1.000827026E1,7.345855713E0,-4.514556885E1,4.682146363E1
3.855269917E0,1.008087158E1,7.502471924E0,-4.528709412E1,4.699821220E1
3.865223917E0,1.013056946E1,7.412963867E0,-4.519403076E1,4.690501985E1
3.875177917E0,1.004594421E1,7.405242920E0,-4.522555542E1,4.691598321E1
3.885130917E0,9.986022949E0,7.412658691E0,-4.540528870E1,4.707768479E1
3.895084917E0,9.975158691E0,7.346099854E0,-4.536604309E1,4.702708623E1
3.905038917E0,9.946456909E0,7.321502686E0,-4.539965820E1,4.704960543E1
3.914992917E0,1.000956726E1,7.363464355E0,-4.535972595E1,4.703101937E1
3.924946917E0,1.004589844E1,7.368347168E0,-4.530671692E1,4.698841574E1
3.934899917E0,1.016590881E1,7.312561035E0,-4.528848267E1,4.698793370E1
3.944853917E0,1.008555603E1,7.181304932E0,-4.509788513E1,4.676653530E1
3.954807917E0,1.023675537E1,7.397125244E0,-4.521994019E1,4.695052303E1
3.964762208E0,1.019573975E1,7.348999023E0,-4.539530945E1,4.710302555E1
3.974716208E0,1.009803772E1,7.380035400E0,-4.531721497E1,4.701154391E1
3.984669208E0,1.015388489E1,7.280395508E0,-4.537982178E1,4.706839451E1
3.994623208E0,1.018699646E1,7.253845215E0,-4.531423950E1,4.700822767E1
4.004577208E0,1.015135193E1,7.285766602E0,-4.539804077E1,4.708624477E1
4.014531208E0,1.020483398E1,7.351074219E0,-4.548472595E1,4.719149525E1
4.024485208E0,1.016777039E1,7.344543457E0,-4.535850525E1,4.706081036E1
4.034438208E0,1.016403198E1,7.499389648E0,-4.538841248E1,4.711322933E1
4.044392208E0,9.974044800E0,7.404174805E0,-4.530632019E1,4.697835697E1
4.054346208E0,1.003060913E1,7.424377441E0,-4.537680054E1,4.706153978E1
4.064300208E0,1.004965210E1,7.436767578E0,-4.517269897E1,4.687081983E1
4.074254208E0,9.987609863E0,7.431457520E0,-4.520069885E1,4.688370813E1
4.084207208E0,1.009678650E1,7.394989014E0,-4.519395447E1,4.689482360E1
4.094161208E0,1.007606506E1,7.508819580E0,-4.511880493E1,4.683605467E1
4.104115208E0,1.001977539E1,7.471618652E0,-4.523742676E1,4.693235306E1
4.114069208E0,1.000418091E1,7.484222412E0,-4.536877441E1,4.705765520E1
4.124022208E0,9.933898926E0,7.411773682E0,-4.527616882E1,4.694196630E1
4.133976208E0,9.946762085E0,7.347839355E0,-4.529429626E1,4.695212555E1
4.143930208E0,1.000494385E1,7.342651367E0,-4.535824585E1,4.702535377E1
4.153884208E0,1.006378174E1,7.246215820E0,-4.536230469E1,4.702686502E1
4.163838208E0,1.004016113E1,7.252136230E0,-4.535514832E1,4.701582493E1
4.173791208E0,1.003393555E1,7.238128662E0,-4.533396912E1,4.699190489E1
4.183745208E0,9.976409912E0,7.200653076E0,-4.530241394E1,4.694344329E1
4.193699208E0,1.012196350E1,7.258331299E0,-4.533630371E1,4.701614566E1
4.203653208E0,9.937149048E0,7.321441650E0,-4.525155640E1,4.690473106E1
4.213607208E0,1.000511169E1,7.228149414E0,-4.546585083E1,4.711148475E1
4.223560208E0,1.004353333E1,7.348815918E0,-4.550331116E1,4.717445266E1
4.233514208E0,1.010491943E1,7.259887695E0,-4.556169128E1,4.723010776E1
4.243468208E0,1.011317444E1,7.242889404E0,-4.528479004E1,4.696219706E1
4.253422208E0,1.006996155E1,7.295196533E0,-4.527810669E1,4.695456275E1
4.263376208E0,1.000787354E1,7.429718018E0,-4.552108765E1,4.719669123E1
4.273329208E0,9.978210449E0,7.267547607E0,-4.541856384E1,4.706620734E1
4.283283208E0,9.993484497E0,7.188690186E0,-4.530627441E1,4.694896698E1
4.293237208E0,1.008020020E1,7.314086914E0,-4.534844971E1,4.702752592E1
4.303191208E0,1.010623169E1,7.301391602E0,-4.520179749E1,4.688975084E1
4.313145208E0,1.017333984E1,7.297760010E0,-4.526760864E1,4.696712187E1
4.323098208E0,1.010087585E1,7.336883545E0,-4.531257629E1,4.700092684E1
4.333052208E0,1.020204163E1,7.331512451E0,-4.504280090E1,4.676202136E1
4.343006208E0,1.020314026E1,7.245056152E0,-4.522218323E1,4.692164496E1
4.352960208E0,1.008618164E1,7.336791992E0,-4.523645020E1,4.692436471E1
4.362914208E0,1.012663269E1,7.500915527E0,-4.521502686E1,4.693837531E1
4.372867208E0,1.012501526E1,7.422821045E0,-4.513270569E1,4.684629472E1
4.382821208E0,1.002766418E1,7.436309814E0,-4.506288147E1,4.676019717E1
4.392775208E0,1.003895569E1,7.401336670E0,-4.496490479E1,4.666265186E1
4.402729208E0,1.005764771E1,7.432250977E0,-4.513124084E1,4.683186450E1
4.412683208E0,1.014244080E1,7.312316895E0,-4.506858826E1,4.677089620E1
4.422636208E0,1.000254822E1,7.241485596E0,-4.513629150E1,4.679503067E1
4.432590208E0,9.971038818E0,7.215423584E0,-4.524841309E1,4.689246037E1
4.442544208E0,9.858032227E0,7.146911621E0,-4.515032959E1,4.676335539E1
4.452498208E0,1.000480652E1,7.163909912E0,-4.513450623E1,4.678184916E1
4.462452208E0,9.944641113E0,7.149749756E0,-4.511097717E1,4.674414477E1
4.472405208E0,1.003605652E1,7.167816162E0,-4.500082397E1,4.666019907E1
4.482359208E0,1.009286499E1,7.206604004E0,-4.495562744E1,4.663485289E1
4.492313208E0,1.010540771E1,7.252777100E0,-4.502537537E1,4.671195209E1
4.502267208E0,1.011695862E1,7.310028076E0,-4.501695251E1,4.671525849E1
4.512220208E0,1.025946045E1,7.367065430E0,-4.511274719E1,4.684752012E1
4.522174208E0,1.020478821E1,7.538024902E0,-4.499665833E1,4.675102975E1
4.532128208E0,1.027177429E1,7.443634033E0,-4.499392700E1,4.674794650E1
4.542082208E0,1.015565491E1,7.550170898E0,-4.512599182E1,4.686680643E1
4.552036208E0,1.023564148E1,7.507934570E0,-4.495542908E1,4.671325338E1
4.561989208E0,1.015771484E1,7.423675537E0,-4.514773560E1,4.686798650E1
4.571943208E0,1.011061096E1,7.382781982E0,-4.510911560E1,4.681412430E1
4.581897208E0,1.004132080E1,7.420166016E0,-4.516423035E1,4.685824036E1
4.591851208E0,1.003872681E1,7.327331543E0,-4.495172119E1,4.663821460E1
4.601805208E0,1.000602722E1,7.360748291E0,-4.505491638E1,4.673592501E1
4.611758208E0,9.993392944E0,7.387603760E0,-4.495361328E1,4.663981067E1
4.621712208E0,1.003590393E1,7.374053955E0,-4.492694092E1,4.662109029E1
4.631666208E0,1.013177490E1,7.341857910E0,-4.522003174E1,4.691915398E1
4.641620208E0,1.011044312E1,7.387512207E0,-4.505036926E1,4.675823101E1
4.651574208E0,1.005140686E1,7.438476562E0,-4.504673767E1,4.675008330E1
4.661527208E0,1.017373657E1,7.488067627E0,-4.504975891E1,4.678735781E1
4.671481208E0,1.005751038E1,7.419311523E0,-4.531077576E1,4.700283075E1
4.681435208E0,1.005529785E1,7.430358887E0,-4.486233521E1,4.657196977E1
4.691389208E0,1.007748413E1,7.349273682E0,-4.474150085E1,4.644749088E1
4.701343208E0,1.015788269E1,7.335815430E0,-4.486358643E1,4.658044821E1
4.711296208E0,1.013873291E1,7.347503662E0,-4.488354492E1,4.659734241E1
4.721250208E0,1.021272278E1,7.325531006E0,-4.499627686E1,4.671860488E1
4.731204208E0,1.018226624E1,7.303985596E0,-4.492735291E1,4.664218895E1
4.741158208E0,1.014181519E1,7.370635986E0,-4.500268555E1,4.671642534E1
4.751112208E0,1.026863098E1,7.271331787E0,-4.490625000E1,4.663569810E1
4.761065208E0,1.025302124E1,7.302124023E0,-4.506851196E1,4.679333532E1
4.771019208E0,1.014743042E1,7.134948730E0,-4.506987000E1,4.674581285E1
4.780973208E0,1.016030884E1,7.119750977E0,-4.527110291E1,4.694033967E1
4.790927208E0,1.007699585E1,7.139282227E0,-4.517439270E1,4.683205048E1
4.800881208E0,1.017419434E1,7.201629639E0,-4.535757446E1,4.703920983E1
4.810834208E0,1.022425842E1,7.308898926E0,-4.539825439E1,4.710580607E1
4.820788208E0,1.024440002E1,7.269104004E0,-4.535635376E1,4.706364235E1
4.830742208E0,1.012805176E1,7.287231445E0,-4.514865112E1,4.684102767E1
4.840696208E0,1.008189392E1,7.235961914E0,-4.507084656E1,4.674810092E1
4.850649208E0,1.001773071E1,7.255096436E0,-4.519679260E1,4.685873893E1
4.860603208E0,1.009228516E1,7.372253418E0,-4.501095581E1,4.671392173E1
4.870557208E0,1.006982422E1,7.379943848E0,-4.520382690E1,4.689617146E1
4.880511208E0,1.002757263E1,7.425994873E0,-4.517845154E1,4.686992742E1
4.890465208E0,1.006004333E1,7.400787354E0,-4.517541504E1,4.686997172E1
4.900418208E0,1.001307678E1,7.270996094E0,-4.522334290E1,4.688581698E1
4.910372208E0,9.973129272E0,7.353607178E0,-4.514482117E1,4.681446063E1
4.920326208E0,1.002124023E1,7.359161377E0,-4.500984192E1,4.669548567E1
4.930280208E0,9.903472900E0,7.300201416E0,-4.513439941E1,4.678125401E1
4.940234208E0,1.005769348E1,7.285980225E0,-4.518104553E1,4.685690538E1
4.950187208E0,9.965713501E0,7.331634521E0,-4.529536438E1,4.695464135E1
4.960140833E0,1.000665283E1,7.272521973E0,-4.527857971E1,4.693796393E1
4.970094833E0,9.806350708E0,7.284790039E0,-4.504032898E1,4.666758955E1
4.980048833E0,9.771484375E0,7.344177246E0,-4.503733826E1,4.666669780E1
4.990002833E0,9.875076294E0,7.263671875E0,-4.507241821E1,4.670975213E1
4.999955833E0,9.932983398E0,7.299346924E0,-4.514323425E1,4.679589964E1
5.009909833E0,9.873641968E0,7.283905029E0,-4.492942810E1,4.657464533E1
5.019863833E0,9.906326294E0,7.347625732E0,-4.469905090E1,4.636947332E1
5.029817833E0,9.989822388E0,7.292510986E0,-4.491230774E1,4.658425329E1
5.039771833E0,1.009663391E1,7.306762695E0,-4.488613892E1,4.658429203E1
5.049724833E0,1.002473450E1,7.412750244E0,-4.514468384E1,4.683467355E1
5.059678833E0,9.877563477E0,7.350372314E0,-4.530816650E1,4.695129589E1
5.069632833E0,9.944305420E0,7.314971924E0,-4.534561157E1,4.699598401E1
5.079586833E0,9.991851807E0,7.420715332E0,-4.529873657E1,4.697743771E1
5.089540833E0,9.972320557E0,7.405731201E0,-4.522296143E1,4.689784933E1
5.099493833E0,9.919204712E0,7.488586426E0,-4.489297485E1,4.658163522E1
5.109447833E0,1.002655029E1,7.443054199E0,-4.505697632E1,4.675534067E1
5.119401833E0,1.004791260E1,7.330841064E0,-4.488098145E1,4.657256997E1
5.129355833E0,1.009851074E1,7.481231689E0,-4.504351807E1,4.676395264E1
5.139308833E0,9.987411499E0,7.529907227E0,-4.499287415E1,4.669910722E1
5.149262833E0,1.012173462E1,7.388122559E0,-4.487487793E1,4.659172175E1
5.159216833E0,1.005738831E1,7.444763184E0,-4.496878052E1,4.667726191E1
5.169170833E0,1.007675171E1,7.468780518E0,-4.508065796E1,4.679304788E1
5.179124833E0,1.005635071E1,7.553283691E0,-4.503448486E1,4.675774921E1
5.189077833E0,1.023721313E1,7.529632568E0,-4.501019287E1,4.676979112E1
5.199031833E0,1.005346680E1,7.506591797E0,-4.499218750E1,4.670886480E1
5.208985833E0,1.006750488E1,7.506500244E0,-4.517137146E1,4.688448571E1
5.218939833E0,1.010568237E1,7.506072998E0,-4.524076843E1,4.695948335E1
5.228893833E0,1.002609253E1,7.492523193E0,-4.502914429E1,4.673632710E1
5.238846833E0,1.003567505E1,7.446563721E0,-4.511012268E1,4.680907234E1
5.248800833E0,1.004301453E1,7.377044678E0,-4.495466614E1,4.664981175E1
5.258754833E0,1.011079407E1,7.512634277E0,-4.498425293E1,4.671456777E1
5.268708833E0,1.010069275E1,7.479766846E0,-4.512139893E1,4.683920951E1
5.278662833E0,1.010350037E1,7.519958496E0,-4.524012756E1,4.696061794E1
5.288615833E0,1.011468506E1,7.419982910E0,-4.520742798E1,4.691561088E1
5.298569833E0,1.000947571E1,7.553741455E0,-4.505322266E1,4.676581535E1
5.308523833E0,1.007730103E1,7.531799316E0,-4.510824585E1,4.682983921E1
5.318477833E0,1.003352356E1,7.458770752E0,-4.523133850E1,4.692737835E1
5.328431833E0,9.942153931E0,7.564331055E0,-4.512905884E1,4.682624777E1
5.338384833E0,9.926712036E0,7.514648438E0,-4.528012085E1,4.696061006E1
5.348338833E0,1.000224304E1,7.465118408E0,-4.512585449E1,4.682003420E1
5.358292833E0,1.007682800E1,7.486175537E0,-4.505821228E1,4.677422133E1
5.368246833E0,1.005644226E1,7.437042236E0,-4.505268860E1,4.675667202E1
5.378200833E0,1.008964539E1,7.415283203E0,-4.512045288E1,4.682566216E1
5.388153833E0,1.010694885E1,7.547668457E0,-4.523313904E1,4.695907347E1
5.398107833E0,1.006581116E1,7.470764160E0,-4.513589478E1,4.684422983E1
5.408061833E0,1.009939575E1,7.445037842E0,-4.515513611E1,4.686590125E1
5.418015833E0,1.011239624E1,7.567352295E0,-4.513229370E1,4.686629187E1
5.427969833E0,1.009982300E1,7.521972656E0,-4.522926331E1,4.694968324E1
5.437922833E0,1.014144897E1,7.543090820E0,-4.515344238E1,4.688902393E1
5.447876833E0,1.016044617E1,7.513427734E0,-4.535649109E1,4.708394149E1
5.457830833E0,1.015489197E1,7.560180664E0,-4.534616089E1,4.708027687E1
5.467784833E0,1.006875610E1,7.567962646E0,-4.527108765E1,4.699069360E1
5.477737833E0,1.025039673E1,7.604675293E0,-4.524302673E1,4.700886286E1
5.487691833E0,1.028608704E1,7.665557861E0,-4.539408875E1,4.717189478E1
5.497645833E0,1.015847778E1,7.744232178E0,-4.532429504E1,4.708990894E1
5.507599833E0,1.016236877E1,7.548461914E0,-4.520773315E1,4.694669481E1
5.517553833E0,1.011204529E1,7.591522217E0,-4.517834473E1,4.691447007E1
5.527506833E0,1.012809753E1,7.553649902E0,-4.503984070E1,4.677844842E1
5.537460833E0,1.011785889E1,7.500549316E0,-4.500820923E1,4.673722506E1
5.547414833E0,1.014724731E1,7.522735596E0,-4.491020203E1,4.665280726E1
5.557368833E0,9.964691162E0,7.400451660E0,-4.506387329E1,4.674199857E1
5.567322833E0,1.005360413E1,7.513336182E0,-4.507934570E1,4.679393749E1
5.577275833E0,1.006109619E1,7.566223145E0,-4.502755737E1,4.675419032E1
5.587229833E0,1.022634888E1,7.700195312E0,-4.499041748E1,4.677615722E1
5.597183833E0,1.019000244E1,7.688598633E0,-4.486317444E1,4.664391835E1
5.607137833E0,1.016264343E1,7.698211670E0,-4.508757019E1,4.685542413E1
5.617091833E0,1.012274170E1,7.567840576E0,-4.498684692E1,4.672856200E1
5.627044833E0,1.004125977E1,7.498687744E0,-4.501927185E1,4.673106091E1
5.636998833E0,1.006642151E1,7.505737305E0,-4.485072327E1,4.657527576E1
5.646952833E0,9.998443604E0,7.530487061E0,-4.500143433E1,4.670980841E1
5.656906833E0,1.002270508E1,7.529144287E0,-4.511010742E1,4.681948763E1
5.666860833E0,1.007289124E1,7.520843506E0,-4.509526062E1,4.681462117E1
5.676813833E0,1.009097290E1,7.577789307E0,-4.506340027E1,4.679701560E1
5.686767833E0,1.007312012E1,7.550598145E0,-4.522315979E1,4.694266144E1
5.696721833E0,1.009869385E1,7.612762451E0,-4.528991699E1,4.702248771E1
5.706675833E0,1.015156555E1,7.582305908E0,-4.513078308E1,4.687572109E1
5.716628833E0,1.009434509E1,7.516296387E0,-4.503181458E1,4.675740410E1
5.726582833E0,1.000245667E1,7.414703369E0,-4.503364563E1,4.672318701E1
5.736536833E0,1.012330627E1,7.471588135E0,-4.491822815E1,4.664711330E1
5.746490833E0,1.014836121E1,7.514221191E0,-4.511607361E1,4.684989704E1
5.756444833E0,1.024438477E1,7.514801025E0,-4.520576477E1,4.695722332E1
5.766397833E0,1.005126953E1,7.423919678E0,-4.523104858E1,4.692537010E1
5.776351833E0,1.003288269E1,7.339843750E0,-4.507891846E1,4.676153259E1
5.786305833E0,1.007185364E1,7.441528320E0,-4.509867859E1,4.680501458E1
5.796259833E0,1.015148926E1,7.523956299E0,-4.515922546E1,4.689369144E1
5.806213833E0,1.009841919E1,7.449401855E0,-4.518028259E1,4.689061306E1
5.816166833E0,1.018669128E1,7.333679199E0,-4.501316833E1,4.673047029E1
5.826120833E0,1.020971680E1,7.310180664E0,-4.498738098E1,4.670697492E1
5.836074833E0,1.015039062E1,7.328979492E0,-4.492622375E1,4.663807405E1
5.846028833E0,1.007444763E1,7.358703613E0,-4.496017456E1,4.665900032E1
5.855982833E0,1.026594543E1,7.411376953E0,-4.485116577E1,4.660413303E1
5.865935833E0,1.009272766E1,7.378845215E0,-4.510351562E1,4.680424799E1
5.875889833E0,1.023861694E1,7.411010742E0,-4.517904663E1,4.691373585E1
5.885843833E0,1.014900208E1,7.360321045E0,-4.503608704E1,4.674853692E1
5.895797833E0,1.020257568E1,7.447265625E0,-4.507255554E1,4.680907582E1
5.905751833E0,1.016627502E1,7.369567871E0,-4.527853394E1,4.698733142E1
5.915704833E0,1.008425903E1,7.231536865E0,-4.516593933E1,4.683961444E1
5.925658833E0,9.952911377E0,7.149414062E0,-4.526023865E1,4.688991116E1
5.935612833E0,1.006323242E1,7.096496582E0,-4.504411316E1,4.669690612E1
5.945566833E0,1.027386475E1,7.333984375E0,-4.503771973E1,4.677323831E1
5.955520833E0,1.029306030E1,7.365631104E0,-4.495381165E1,4.670165729E1
5.965474458E0,1.029898071E1,7.328460693E0,-4.511535645E1,4.685264909E1
5.975428458E0,1.023336792E1,7.315216064E0,-4.507955933E1,4.680171871E1
5.985382458E0,1.033790588E1,7.391235352E0,-4.510391235E1,4.686006368E1
5.995336458E0,1.033882141E1,7.426483154E0,-4.514839172E1,4.690864692E1
6.005289458E0,1.035090637E1,7.412322998E0,-4.516751099E1,4.692747429E1
6.015243458E0,1.040895081E1,7.455535889E0,-4.504273987E1,4.682712555E1
6.025197458E0,1.022126770E1,7.301300049E0,-4.501214600E1,4.673196532E1
6.035151458E0,1.035679626E1,7.343933105E0,-4.512857056E1,4.688053394E1
6.045105458E0,1.028781128E1,7.320526123E0,-4.521920776E1,4.694897139E1
6.055058458E0,1.022450256E1,7.240905762E0,-4.513281250E1,4.683953387E1
6.065012458E0,1.019082642E1,7.323333740E0,-4.524459839E1,4.695271923E1
6.074966458E0,1.016883850E1,7.309417725E0,-4.513531494E1,4.684046881E1
6.084920458E0,1.011206055E1,7.383453369E0,-4.511756897E1,4.682268875E1
6.094874458E0,1.016036987E1,7.301696777E0,-4.508763123E1,4.679147766E1
6.104827458E0,1.015971375E1,7.471954346E0,-4.508818054E1,4.681873460E1
6.114781458E0,1.022389221E1,7.328765869E0,-4.496032715E1,4.668693392E1
6.124735458E0,1.005651855E1,7.256072998E0,-4.490533447E1,4.658619135E1
6.134689458E0,1.010821533E1,7.283691406E0,-4.483973694E1,4.653848071E1
6.144643458E0,1.019725037E1,7.482696533E0,-4.489984131E1,4.664729801E1
6.154596458E0,1.017214966E1,7.360382080E0,-4.481248474E1,4.653822775E1
6.164550458E0,1.008326721E1,7.436798096E0,-4.483819580E1,4.655579498E1
6.174504458E0,1.005772400E1,7.403167725E0,-4.485423279E1,4.656035764E1
6.184458458E0,1.004696655E1,7.465240479E0,-4.483555603E1,4.654995636E1
6.194411458E0,1.018049622E1,7.491577148E0,-4.477304077E1,4.652302023E1
6.204365458E0,1.017295837E1,7.481292725E0,-4.493583679E1,4.667642072E1
6.214319458E0,1.016020203E1,7.247009277E0,-4.504876709E1,4.674548390E1
6.224273458E0,1.012130737E1,7.310852051E0,-4.495791626E1,4.665944336E1
6.234227458E0,1.016036987E1,7.282745361E0,-4.509764099E1,4.679817004E1
6.244180458E0,1.003031921E1,7.249938965E0,-4.511726379E1,4.678393325E1
6.254134458E0,1.017807007E1,7.406921387E0,-4.478656006E1,4.652194704E1
6.264088458E0,1.015913391E1,7.325561523E0,-4.474920654E1,4.646895028E1
6.274042458E0,1.021549988E1,7.253479004E0,-4.496925354E1,4.668193611E1
6.283996458E0,1.020143127E1,7.417755127E0,-4.484530640E1,4.658533886E1
6.293949458E0,1.026319885E1,7.421936035E0,-4.508975220E1,4.683486029E1
6.303903458E0,1.014279175E1,7.415161133E0,-4.508999634E1,4.680778363E1
6.313857458E0,1.018440247E1,7.345855713E0,-4.509259033E1,4.680838977E1
6.323811458E0,1.029376221E1,7.352264404E0,-4.516983032E1,4.690768491E1
6.333765458E0,1.026969910E1,7.443054199E0,-4.501887512E1,4.677141106E1
6.343718458E0,1.035739136E1,7.377227783E0,-4.505451965E1,4.681462151E1
6.353672458E0,1.012571716E1,7.329711914E0,-4.486027527E1,4.656929377E1
6.363626458E0,1.025782776E1,7.218688965E0,-4.491340637E1,4.663203376E1
6.373580458E0,1.025761414E1,7.249877930E0,-4.499874878E1,4.671901935E1
6.383534458E0,1.018363953E1,7.173736572E0,-4.497874451E1,4.667179521E1
6.393487458E0,1.024176025E1,7.353698730E0,-4.521022034E1,4.693542970E1
6.403441458E0,1.026716614E1,7.290710449E0,-4.506916809E1,4.679528899E1
6.413395458E0,1.024536133E1,7.228790283E0,-4.507981873E1,4.679116256E1
6.423349458E0,1.010815430E1,7.202117920E0,-4.504284668E1,4.672155095E1
6.433303458E0,1.015776062E1,7.183105469E0,-4.500015259E1,4.668823019E1
6.443256458E0,1.019894409E1,7.138763428E0,-4.499061584E1,4.668121590E1
6.453210458E0,1.027008057E1,7.287231445E0,-4.501861572E1,4.674670104E1
6.463164458E0,1.019570923E1,7.216461182E0,-4.500900269E1,4.671017150E1
6.473118458E0,1.014532471E1,7.215515137E0,-4.501034546E1,4.670034765E1
6.483071458E0,1.016772461E1,7.302215576E0,-4.509053040E1,4.679594969E1
6.493025458E0,1.021296692E1,7.366607666E0,-4.503005981E1,4.675765059E1
6.502979458E0,1.021429443E1,7.393981934E0,-4.502726746E1,4.675957222E1
6.512933458E0,1.013281250E1,7.321868896E0,-4.487229919E1,4.658118599E1
6.522887458E0,1.012178040E1,7.317749023E0,-4.489382935E1,4.659888199E1
6.532840458E0,1.001913452E1,7.313751221E0,-4.485076904E1,4.653456239E1
6.542794458E0,1.019363403E1,7.311431885E0,-4.504850769E1,4.676254116E1
6.552748458E0,1.027575684E1,7.318298340E0,-4.493469238E1,4.667199641E1
6.562702458E0,1.018925476E1,7.189941406E0,-4.502818298E1,4.672315735E1
6.572656458E0,1.020581055E1,7.392028809E0,-4.482681274E1,4.656440486E1
6.582609458E0,1.020117188E1,7.382781982E0,-4.496495056E1,4.669492645E1
6.592563458E0,1.006324768E1,7.311950684E0,-4.497567749E1,4.666417408E1
6.602517458E0,1.012602234E1,7.267486572E0,-4.482948303E1,4.652993916E1
6.612471458E0,1.001202393E1,7.229705811E0,-4.503938293E1,4.670176961E1
6.622425458E0,1.023754883E1,7.340148926E0,-4.496255493E1,4.669385975E1
6.632378458E0,1.033311462E1,7.382904053E0,-4.491952515E1,4.668023425E1
6.642332458E0,1.027223206E1,7.402282715E0,-4.497232056E1,4.672068233E1
6.652286458E0,1.022021484E1,7.320983887E0,-4.492509460E1,4.665097771E1
6.662240458E0,1.023812866E1,7.358306885E0,-4.481198120E1,4.655188093E1
6.672193458E0,1.020982361E1,7.336853027E0,-4.492373657E1,4.664988765E1
6.682147458E0,1.033862305E1,7.445495605E0,-4.476864624E1,4.654625890E1
6.692101458E0,1.028930664E1,7.386108398E0,-4.479478455E1,4.655101665E1
6.702055458E0,1.022714233E1,7.368225098E0,-4.474333191E1,4.648495382E1
6.712009458E0,1.032341003E1,7.387298584E0,-4.493327332E1,4.669201244E1
6.721962458E0,1.026428223E1,7.411956787E0,-4.500720215E1,4.675404622E1
6.731916458E0,1.040206909E1,7.338012695E0,-4.499377441E1,4.675991026E1
6.741870458E0,1.037568665E1,7.310729980E0,-4.505950928E1,4.681304329E1
6.751824458E0,1.050387573E1,7.403289795E0,-4.492562866E1,4.672742467E1
6.761778458E0,1.027395630E1,7.405975342E0,-4.504980469E1,4.679623437E1
6.771731458E0,1.026092529E1,7.339508057E0,-4.501013184E1,4.674469953E1
6.781685458E0,1.025170898E1,7.341552734E0,-4.508398438E1,4.681411732E1
6.791639458E0,1.036036682E1,7.455566406E0,-4.506858826E1,4.684122456E1
6.801593458E0,1.021310425E1,7.347900391E0,-4.488587952E1,4.661589127E1
6.811547458E0,1.029605103E1,7.466217041E0,-4.486134338E1,4.662931689E1
6.821500458E0,1.041616821E1,7.414581299E0,-4.497918701E1,4.676109323E1
6.831454458E0,1.037324524E1,7.464965820E0,-4.499757385E1,4.677725499E1
6.841408458E0,1.018869019E1,7.402099609E0,-4.500254822E1,4.673146512E1
6.851362458E0,1.022608948E1,7.360473633E0,-4.510661316E1,4.683327907E1
6.861315458E0,1.015417480E1,7.403076172E0,-4.495419312E1,4.667753508E1
6.871269458E0,1.038473511E1,7.412536621E0,-4.489024353E1,4.666821602E1
6.881223458E0,1.025994873E1,7.351715088E0,-4.499586487E1,4.673266650E1
6.891177458E0,1.027062988E1,7.353363037E0,-4.493040466E1,4.667225138E1
6.901131458E0,1.028733826E1,7.313812256E0,-4.499116516E1,4.672821547E1
6.911084458E0,1.036738586E1,7.433837891E0,-4.501953125E1,4.679212358E1
6.921038458E0,1.049467468E1,7.483398438E0,-4.478424072E1,4.660222812E1
6.930992458E0,1.052749634E1,7.446228027E0,-4.477478027E1,4.659458595E1
6.940946458E0,1.032461548E1,7.434356689E0,-4.501101685E1,4.677455485E1
6.950900458E0,1.036833191E1,7.471893311E0,-4.501203918E1,4.679118686E1
6.960853458E0,1.038362122E1,7.488586426E0,-4.500199890E1,4.678758833E1
6.970807458E0,1.039987183E1,7.396636963E0,-4.504399109E1,4.681697027E1
6.980761458E0,1.031381226E1,7.438934326E0,-4.489566040E1,4.666189870E1
6.990715458E0,1.036395264E1,7.421112061E0,-4.491600037E1,4.668973664E1
7.000669458E0,1.042414856E1,7.491638184E0,-4.502928162E1,4.682332452E1
7.010622458E0,1.045867920E1,7.544158936E0,-4.505809021E1,4.686715052E1
7.020576458E0,1.045137024E1,7.561340332E0,-4.498631287E1,4.679928795E1
7.030530458E0,1.043371582E1,7.541046143E0,-4.493626404E1,4.674395820E1
7.040484458E0,1.045808411E1,7.605499268E0,-4.509097290E1,4.690853845E1
7.050438458E0,1.033383179E1,7.476013184E0,-4.503594971E1,4.680721759E1
7.060391458E0,1.034179688E1,7.507568359E0,-4.507543945E1,4.685201796E1
7.070345458E0,1.031382751E1,7.300903320E0,-4.503907776E1,4.677816534E1
7.080299458E0,1.034965515E1,7.492645264E0,-4.501806641E1,4.679616862E1
7.090253458E0,1.038468933E1,7.386047363E0,-4.505557251E1,4.682307212E1
7.100207458E0,1.040274048E1,7.284149170E0,-4.516236877E1,4.691391469E1
7.110160458E0,1.035176086E1,7.209838867E0,-4.505747986E1,4.679014021E1
7.120114458E0,1.029696655E1,7.237884521E0,-4.505859375E1,4.678345181E1
7.130068458E0,1.035008240E1,7.301177979E0,-4.505920410E1,4.680559026E1
7.140022458E0,1.036981201E1,7.292327881E0,-4.514395142E1,4.689016311E1
7.149975458E0,1.045213318E1,7.318542480E0,-4.520016479E1,4.696661633E1
7.159929458E0,1.045559692E1,7.311553955E0,-4.500852966E1,4.678189896E1
7.169883458E0,1.054205322E1,7.381958008E0,-4.498269653E1,4.678751091E1
7.179837458E0,1.042129517E1,7.308593750E0,-4.499009705E1,4.675604525E1
7.189791458E0,1.036068726E1,7.253173828E0,-4.521798706E1,4.695336756E1
7.199744458E0,1.048425293E1,7.299926758E0,-4.517199707E1,4.694377285E1
7.209698458E0,1.059011841E1,7.366363525E0,-4.500691223E1,4.681918483E1
7.219652458E0,1.043557739E1,7.393646240E0,-4.510115051E1,4.687943107E1
7.229606458E0,1.046946716E1,7.509887695E0,-4.492918396E1,4.674012973E1
7.239560458E0,1.039753723E1,7.526641846E0,-4.519578552E1,4.698316876E1
7.249513458E0,1.043760681E1,7.356018066E0,-4.520281982E1,4.697179534E1
7.259467458E0,1.038288879E1,7.330108643E0,-4.523483276E1,4.698643387E1
7.269421458E0,1.043858337E1,7.289398193E0,-4.519749451E1,4.695649964E1
7.279375458E0,1.040869141E1,7.348052979E0,-4.518615723E1,4.694809415E1
7.289329458E0,1.029881287E1,7.223205566E0,-4.522257996E1,4.693955670E1
7.299282458E0,1.027713013E1,7.280517578E0,-4.504524231E1,4.677284677E1
7.309236458E0,1.028343201E1,7.168365479E0,-4.515756226E1,4.686512420E1
7.319190458E0,1.032521057E1,7.210205078E0,-4.521362305E1,4.693472850E1
7.329144458E0,1.034912109E1,7.174407959E0,-4.517076111E1,4.689322015E1
7.339097458E0,1.036811829E1,7.176544189E0,-4.514942932E1,4.687719735E1
7.349051458E0,1.037907410E1,7.232269287E0,-4.497341919E1,4.671872571E1
7.359005458E0,1.035856628E1,7.243743896E0,-4.495437622E1,4.669761945E1
7.368959458E0,1.034620667E1,7.282531738E0,-4.503575134E1,4.677924924E1
7.378913458E0,1.029284668E1,7.377380371E0,-4.512272644E1,4.686607382E1
7.388866458E0,1.038658142E1,7.352966309E0,-4.508903503E1,4.685048844E1
7.398820458E0,1.042448425E1,7.375762939E0,-4.520561218E1,4.697466470E1
7.408774458E0,1.031051636E1,7.364898682E0,-4.515962219E1,4.690351753E1
7.418728458E0,1.035336304E1,7.454956055E0,-4.514614868E1,4.691421146E1
7.428682458E0,1.054757690E1,7.392730713E0,-4.515292358E1,4.695413032E1
7.438635458E0,1.049441528E1,7.334777832E0,-4.519210815E1,4.697082453E1
7.448589458E0,1.045317078E1,7.312347412E0,-4.503942871E1,4.681120958E1
7.458543458E0,1.040304565E1,7.370178223E0,-4.511355591E1,4.688044169E1
7.468497458E0,1.038537598E1,7.301330566E0,-4.513534546E1,4.688672383E1
7.478451458E0,1.027003479E1,7.240814209E0,-4.516262817E1,4.687820377E1
7.488404458E0,1.035977173E1,7.254119873E0,-4.497512817E1,4.671947431E1
7.498358458E0,1.035462952E1,7.287078857E0,-4.501472473E1,4.676157946E1
7.508312458E0,1.020115662E1,7.284820557E0,-4.509123230E1,4.680119055E1
7.518266458E0,1.022151184E1,7.259552002E0,-4.501455688E1,4.672783679E1
7.528220458E0,1.034786987E1,7.292724609E0,-4.510044861E1,4.684349163E1
7.538173458E0,1.021406555E1,7.367309570E0,-4.500006104E1,4.672911168E1
7.548127458E0,1.038504028E1,7.395690918E0,-4.506062317E1,4.682953199E1
7.558081458E0,1.046528625E1,7.413452148E0,-4.520712280E1,4.699112088E1
7.568035458E0,1.045835876E1,7.329223633E0,-4.523175049E1,4.700006425E1
7.577989458E0,1.043931580E1,7.402099609E0,-4.516154480E1,4.693970091E1
7.587942458E0,1.041835022E1,7.394836426E0,-4.514476013E1,4.691774712E1
7.597896458E0,1.045419312E1,7.342071533E0,-4.511721802E1,4.689093228E1
7.607850458E0,1.041798401E1,7.339660645E0,-4.507130432E1,4.683831212E1
7.617804458E0,1.039221191E1,7.306945801E0,-4.513301086E1,4.688686591E1
7.627757458E0,1.031587219E1,7.267608643E0,-4.525105286E1,4.697758124E1
7.637711458E0,1.040322876E1,7.286804199E0,-4.510185242E1,4.685618183E1
7.647665458E0,1.039520264E1,7.182312012E0,-4.511769104E1,4.685351522E1
7.657619458E0,1.050616455E1,7.246185303E0,-4.505720520E1,4.682988827E1
7.667573458E0,1.047903442E1,7.266510010E0,-4.514485168E1,4.691129889E1
7.677526458E0,1.046446228E1,7.331207275E0,-4.495970154E1,4.673998645E1
7.687480458E0,1.038995361E1,7.226623535E0,-4.478443909E1,4.653838424E1
7.697434458E0,1.037030029E1,7.284515381E0,-4.494380188E1,4.669638765E1
7.707388458E0,1.029476929E1,7.261016846E0,-4.487915039E1,4.661376170E1
7.717342458E0,1.028549194E1,7.315612793E0,-4.516284180E1,4.689340907E1
7.727295458E0,1.037622070E1,7.248168945E0,-4.510263062E1,4.684494847E1
7.737249458E0,1.038601685E1,7.304107666E0,-4.516394043E1,4.691482548E1
7.747203458E0,1.032865906E1,7.246307373E0,-4.503999329E1,4.677382990E1
7.757157458E0,1.028602600E1,7.216949463E0,-4.504266357E1,4.676246606E1
7.767111458E0,1.035041809E1,7.340942383E0,-4.517996216E1,4.692813197E1
7.777064458E0,1.038096619E1,7.288421631E0,-4.519357300E1,4.693979750E1
7.787018458E0,1.039814758E1,7.326416016E0,-4.524310303E1,4.699719371E1
7.796972458E0,1.035437012E1,7.385223389E0,-4.517543030E1,4.693158859E1
7.806926458E0,1.039389038E1,7.270141602E0,-4.517195129E1,4.691900574E1
7.816879458E0,1.035565186E1,7.282196045E0,-4.516116333E1,4.690203170E1
7.826833458E0,1.034811401E1,7.258117676E0,-4.528114319E1,4.701218634E1
7.836787458E0,1.027186584E1,7.258148193E0,-4.530505371E1,4.701850524E1
7.846741458E0,1.027481079E1,7.233215332E0,-4.508638000E1,4.680462373E1
7.856695458E0,1.031341553E1,7.361907959E0,-4.519990540E1,4.694247199E1
7.866648458E0,1.023394775E1,7.280029297E0,-4.520632935E1,4.691849024E1
7.876602458E0,1.015963745E1,7.348083496E0,-4.502453613E1,4.673779432E1
7.886556458E0,1.017994690E1,7.299530029E0,-4.501473999E1,4.672516746E1
7.896510458E0,1.024702454E1,7.239654541E0,-4.507333374E1,4.678695891E1
7.906464458E0,1.023834229E1,7.263519287E0,-4.509042358E1,4.680522048E1
7.916417458E0,1.016372681E1,7.232025146E0,-4.498152161E1,4.667912613E1
7.926371458E0,1.020410156E1,7.302337646E0,-4.504185486E1,4.675699427E1
7.936325458E0,1.016943359E1,7.237304688E0,-4.499806213E1,4.669712576E1
7.946279458E0,1.016691589E1,7.179046631E0,-4.500421143E1,4.669351063E1
7.956233458E0,1.020805359E1,7.268615723E0,-4.507546997E1,4.678498825E1
7.966185917E0,1.023675537E1,7.285369873E0,-4.494981384E1,4.667283513E1
7.976139917E0,1.023072815E1,7.274169922E0,-4.513153076E1,4.684481204E1
7.986093917E0,1.022990417E1,7.281433105E0,-4.497108459E1,4.669120535E1
7.996047917E0,1.033433533E1,7.286376953E0,-4.494926453E1,4.669396275E1
8.006001917E0,1.031834412E1,7.430938721E0,-4.500872803E1,4.677042521E1
8.015954917E0,1.028927612E1,7.474792480E0,-4.499639893E1,4.675914501E1
8.025908917E0,1.027015686E1,7.333709717E0,-4.498451233E1,4.672114906E1
8.035862917E0,1.020079041E1,7.196441650E0,-4.504299927E1,4.674095293E1
8.045816917E0,1.027813721E1,7.217803955E0,-4.505302429E1,4.677084344E1
8.055769917E0,1.020733643E1,7.320648193E0,-4.511000061E1,4.682620807E1
8.065723917E0,1.018315125E1,7.264556885E0,-4.503688049E1,4.674174751E1
8.075677917E0,1.017013550E1,7.289245605E0,-4.496626282E1,4.667472067E1
8.085631917E0,1.033532715E1,7.332427979E0,-4.505125427E1,4.679956195E1
8.095585917E0,1.028063965E1,7.390655518E0,-4.502517700E1,4.677157154E1
8.105538917E0,1.029322815E1,7.257995605E0,-4.505940247E1,4.678652366E1
8.115492917E0,1.018313599E1,7.336608887E0,-4.501448059E1,4.673141932E1
8.125446917E0,1.021884155E1,7.251892090E0,-4.497810364E1,4.669094632E1
8.135400917E0,1.014611816E1,7.357147217E0,-4.509284973E1,4.680209852E1
8.145354917E0,1.021026611E1,7.333770752E0,-4.505125427E1,4.677231274E1
8.155307917E0,1.024681091E1,7.401397705E0,-4.502722168E1,4.676781494E1
8.165261917E0,1.027874756E1,7.373565674E0,-4.478742981E1,4.653961744E1
8.175215917E0,1.022082520E1,7.403289795E0,-4.482110596E1,4.656399367E1
8.185169917E0,1.028111267E1,7.451080322E0,-4.483842468E1,4.660154722E1
8.195123917E0,1.032081604E1,7.442443848E0,-4.498204041E1,4.674711941E1
8.205076917E0,1.026962280E1,7.329223633E0,-4.474951172E1,4.649410146E1
8.215030917E0,1.011622620E1,7.308776855E0,-4.483294678E1,4.653761240E1
8.224984917E0,1.022697449E1,7.358612061E0,-4.491168213E1,4.664546463E1
8.234938917E0,1.018653870E1,7.406127930E0,-4.516453552E1,4.688764838E1
8.244892917E0,1.017434692E1,7.394653320E0,-4.497758484E1,4.670311950E1
8.254845917E0,1.014709473E1,7.463409424E0,-4.509556580E1,4.682174779E1
8.264799917E0,1.013674927E1,7.337188721E0,-4.494949341E1,4.665881462E1
8.274753917E0,1.026736450E1,7.353240967E0,-4.499494934E1,4.673365375E1
8.284707917E0,1.029930115E1,7.377593994E0,-4.485273743E1,4.660764478E1
8.294660917E0,1.030657959E1,7.551086426E0,-4.477778625E1,4.656495067E1
8.304614917E0,1.021560669E1,7.467498779E0,-4.481713867E1,4.656928255E1
8.314568917E0,1.023591614E1,7.408782959E0,-4.485124207E1,4.659718832E1
8.324522917E0,1.022247314E1,7.435272217E0,-4.493127441E1,4.667549304E1
8.334476917E0,1.010173035E1,7.421569824E0,-4.496470642E1,4.667921891E1
8.344429917E0,1.024513245E1,7.283294678E0,-4.484323120E1,4.657171357E1
8.354383917E0,1.022967529E1,7.428619385E0,-4.479893494E1,4.654863278E1
8.364337917E0,1.016915894E1,7.377777100E0,-4.500418091E1,4.672493646E1
8.374291917E0,1.015522766E1,7.282073975E0,-4.501896667E1,4.672113666E1
8.384245917E0,1.022756958E1,7.308380127E0,-4.500581360E1,4.672835175E1
8.394198917E0,1.019152832E1,7.438507080E0,-4.501338196E1,4.674829614E1
8.404152917E0,1.019760132E1,7.410400391E0,-4.492463684E1,4.665970533E1
8.414106917E0,1.038984680E1,7.490997314E0,-4.469610596E1,4.649522390E1
8.424060917E0,1.028265381E1,7.417694092E0,-4.470828247E1,4.647134253E1
8.434014917E0,1.019364929E1,7.405853271E0,-4.481262207E1,4.655027653E1
8.443967917E0,1.033937073E1,7.518127441E0,-4.486894226E1,4.665454755E1
8.453921917E0,1.027093506E1,7.398010254E0,-4.484112549E1,4.659344587E1
8.463875917E0,1.030632019E1,7.475158691E0,-4.478155518E1,4.655626614E1
8.473829917E0,1.031527710E1,7.539978027E0,-4.459754944E1,4.639178404E1
8.483782917E0,1.038172913E1,7.360900879E0,-4.466267395E1,4.644047379E1
8.493736917E0,1.036775208E1,7.442565918E0,-4.493496704E1,4.671223965E1
8.503690917E0,1.033122253E1,7.459594727E0,-4.488194275E1,4.665585170E1
8.513644917E0,1.032571411E1,7.489074707E0,-4.493717957E1,4.671248997E1
8.523598917E0,1.013134766E1,7.397491455E0,-4.476319885E1,4.648775168E1
8.533551917E0,1.025222778E1,7.387542725E0,-4.479943848E1,4.654754182E1
8.543505917E0,1.018792725E1,7.266693115E0,-4.492156982E1,4.663202897E1
8.553459917E0,1.028099060E1,7.351959229E0,-4.480206299E1,4.655077787E1
8.563413917E0,1.032580566E1,7.420043945E0,-4.485719299E1,4.662453301E1
8.573367917E0,1.029525757E1,7.298980713E0,-4.481784058E1,4.656078051E1
8.583320917E0,1.024739075E1,7.307098389E0,-4.477778625E1,4.651293203E1
8.593274917E0,1.027708435E1,7.410095215E0,-4.483154297E1,4.658750067E1
8.603228917E0,1.025236511E1,7.410980225E0,-4.473512268E1,4.648940545E1
8.613182917E0,1.009941101E1,7.425201416E0,-4.463220215E1,4.635908959E1
8.623136917E0,1.017391968E1,7.273986816E0,-4.482385254E1,4.653597836E1
8.633089917E0,1.030157471E1,7.308197021E0,-4.491476440E1,4.665692067E1
8.643043917E0,1.035847473E1,7.438262939E0,-4.495118713E1,4.672510010E1
8.652997917E0,1.039074707E1,7.295349121E0,-4.477612305E1,4.654128209E1
8.662951917E0,1.050798035E1,7.327850342E0,-4.486523438E1,4.665837864E1
8.672905917E0,1.042707825E1,7.430755615E0,-4.484744263E1,4.663939536E1
8.682858917E0,1.031828308E1,7.475585938E0,-4.495324707E1,4.672414550E1
8.692812917E0,1.037165833E1,7.424041748E0,-4.501557922E1,4.678771276E1
8.702766917E0,1.035612488E1,7.445526123E0,-4.502738953E1,4.679904902E1
8.712720917E0,1.032864380E1,7.431549072E0,-4.501554871E1,4.677935901E1
8.722673917E0,1.025517273E1,7.393127441E0,-4.499192810E1,4.673436097E1
8.732627917E0,1.026411438E1,7.282348633E0,-4.501640320E1,4.674249889E1
8.742581917E0,1.024575806E1,7.433166504E0,-4.495033264E1,4.669860733E1
8.752535917E0,1.026086426E1,7.478698730E0,-4.511897278E1,4.687150493E1
8.762489917E0,1.018022156E1,7.511901855E0,-4.508287048E1,4.682446787E1
8.772442917E0,1.021089172E1,7.428894043E0,-4.500773621E1,4.674555695E1
8.782396917E0,1.013719177E1,7.264343262E0,-4.496525574E1,4.666269992E1
8.792350917E0,1.022628784E1,7.280883789E0,-4.489595032E1,4.661796421E1
8.802304917E0,1.024951172E1,7.322814941E0,-4.493202209E1,4.666436240E1
8.812258917E0,1.028837585E1,7.202331543E0,-4.485418701E1,4.657920512E1
8.822211917E0,1.023550415E1,7.263977051E0,-4.490109253E1,4.662230172E1
8.832165917E0,1.018959045E1,7.231872559E0,-4.494714355E1,4.665161785E1